nominal,baseline,pcc,baseline_error,pcc_error
0.5,0.44,0.49,0.06,0.010000000000000009
0.6,0.5499999999999999,0.59,0.050000000000000044,0.010000000000000009
0.7,0.6499999999999999,0.69,0.050000000000000044,0.010000000000000009
0.8,0.76,0.79,0.040000000000000036,0.010000000000000009
0.9,0.86,0.89,0.040000000000000036,0.010000000000000009
