regime,horizon,crps_gain,crps_gain_pct
Calm,15m,0.029828302478526587,2.98
Volatile,15m,0.03364338829834729,3.36
Shock,15m,0.028767042419003713,2.88
Calm,1h,0.021760095362557026,2.18
Volatile,1h,0.016293788868076982,1.63
Shock,1h,0.026102544445938507,2.61
Calm,4h,0.032502707174838746,3.25
Volatile,4h,0.02018692295882609,2.02
Shock,4h,0.027899193054974267,2.79
